"SNP","CHROM","POS","REF","ALT","MAF","Effect","SE","Bifidobacterium.FarmCPU"
"1-297530890",1,297530890,"G","A",0.0571428571428571,0.316105628947195,0.0624410945444687,1.4426815073139e-10
"2-37673408",2,37673408,"C","T",0.0642857142857143,0.460048120358171,0.047764510379604,1.09343046912703e-19
"5-116256845",5,116256845,"A","G",0.0357142857142857,0.587222872306962,0.0924529921140974,1.07269560229569e-13
"7-137162183",7,137162183,"G","T",0.0642857142857143,0.347011129477062,0.0575773058231705,2.63745702667409e-12
"7-157160964",7,157160964,"G","A",0.05,0.33890358563319,0.0665202712864844,4.74149382941837e-10
"10-47207848",10,47207848,"T","C",0.0857142857142857,0.456531255775367,0.0530411674913683,1.66340480103891e-18
