"SNP","CHROM","POS","REF","ALT","MAF","Effect","SE","Butyricimonas.FarmCPU"
"2-120266713",2,120266713,"G","T",0.0571428571428571,12.3019715455021,1.79311191395066,2.83581793790407e-13
"8-149016735",8,149016735,"A","T",0.0928571428571429,6.63630539315798,1.21854427163342,4.52358829542971e-10
"9-107515955",9,107515955,"A","G",0.0928571428571429,-7.08534841714607,1.22812538310704,4.87163620613672e-11
