SNP,CHROM,POS,REF,ALT,MAF,Effect,SE,Dialister.FarmCPU,GeneID(Zm-B73-REFERENCE-NAM-5.0)
1-39665332,1,39665332,G,A,0.057142857,58.65286276,6.32187637,2.75E-17,
2-54213927,2,54213927,C,T,0.485714286,-32.19841704,5.668601445,3.13E-11,
4-241025648,4,241025648,G,A,0.121428571,-62.75092344,3.566184561,5.35E-30,
5-222820177,5,222820177,C,T,0.05,49.09008061,9.58517612,2.71E-10,Zm00001eb258220
6-129688000,6,129688000,G,T,0.05,84.72564692,9.53262859,6.84E-17,
6-173396741,6,173396741,C,T,0.064285714,102.6940063,7.099247123,5.12E-26,Zm00001eb294430