"SNP","CHROM","POS","REF","ALT","MAF","Effect","SE","Dialister.GLM"
"5-222820177",5,222820177,"C","T",0.05,166.153953243109,20.7652262592351,3.54575726671146e-11
"6-36435657",6,36435657,"C","T",0.0428571428571429,172.903195996699,23.508660650274,4.79885478625135e-10
"6-129688000",6,129688000,"G","T",0.05,159.450628788432,21.7052728623127,4.96994619852266e-10
"6-173396741",6,173396741,"C","T",0.0642857142857143,151.454496780131,19.9035191214093,1.72116625764312e-10
