"SNP","CHROM","POS","REF","ALT","MAF","Effect","SE","Faecalibacterium.FarmCPU"
"9-76439991",9,76439991,"G","A",0.0571428571428571,0.602793551795185,0.112327525829908,4.02019602953549e-10
"10-19766804",10,19766804,"A","G",0.0357142857142857,1.95163733511187,0.106908398828973,6.29199557379974e-30
