"SNP","CHROM","POS","REF","ALT","MAF","Effect","SE","Holdemanella.FarmCPU"
"1-242313475",1,242313475,"T","A",0.0857142857142857,-5.11460655063763,1.17020877235105,1.60270259097927e-10
"1-296675765",1,296675765,"A","G",0.121428571428571,5.45993130573947,0.83804820797315,8.70769933351277e-14
"3-192278833",3,192278833,"C","T",0.0785714285714286,5.83814955714035,0.917127263455601,1.82782859220005e-13
"4-162629340",4,162629340,"A","G",0.0857142857142857,12.2434916856402,0.991932038681867,4.87374264483684e-23
"7-36646416",7,36646416,"C","T",0.0642857142857143,40.2507089230766,1.0775695097493,1.11763794793561e-45
"7-137926185",7,137926185,"T","C",0.442857142857143,-9.5945780643759,0.923958981987715,1.3455826189449e-19
"8-35919053",8,35919053,"A","G",0.0642857142857143,-6.8742898895747,1.28119260947545,3.2014417276749e-11
