"SNP","CHROM","POS","REF","ALT","MAF","Effect","SE","Odoribacter.FarmCPU"
"1-144142065",1,144142065,"C","A",0.0785714285714286,36.7088242354382,6.93209739426271,1.27116692154203e-11
"2-30120916",2,30120916,"C","A",0.0357142857142857,61.0141689252384,9.51279758722948,5.22772738508438e-13
"2-184914298",2,184914298,"C","T",0.492857142857143,22.2207610260647,4.34265079697797,2.58056719064284e-11
"6-140242446",6,140242446,"C","T",0.128571428571429,27.2413328249763,3.4977225934623,2.33673601133919e-15
"7-108674447",7,108674447,"A","G",0.114285714285714,-34.7558306398862,5.00644595111084,4.46179735989913e-14
"10-122136297",10,122136297,"C","T",0.0571428571428571,-32.6213407913687,5.10360506559888,4.93668534500339e-13
