"SNP","CHROM","POS","REF","ALT","MAF","Effect","SE","Oscillospiraceae_UCG.002.FarmCPU"
"1-142605319",1,142605319,"G","A",0.0642857142857143,17.290232300217,2.15856960996127,5.94580587806783e-15
"3-68253937",3,68253937,"C","G",0.0571428571428571,40.2595179735938,3.49368455717471,2.1058614471811e-21
"5-5014978",5,5014978,"C","T",0.0428571428571429,59.0887614278595,4.3229804447154,1.09502569222835e-23
"8-87239805",8,87239805,"G","A",0.1,11.0363498632131,1.7304769482466,3.14643381372181e-12
