"SNP","CHROM","POS","REF","ALT","MAF","Effect","SE","Phascolarctobacterium.FarmCPU"
"1-34211717",1,34211717,"T","C",0.0428571428571429,50.9930841013718,5.9127723918089,7.30269511148592e-16
"4-54629019",4,54629019,"C","A",0.0571428571428571,63.9826445716722,6.35010399620046,1.13036253492127e-18
"5-62532772",5,62532772,"T","A",0.0571428571428571,115.794505542321,6.33436245365994,1.93494715737838e-29
"7-180195409",7,180195409,"C","T",0.0357142857142857,68.6172658518167,10.3250910748797,3.35276736729784e-13
