"SNP","CHROM","POS","REF","ALT","MAF","Effect","SE","Subdoligranulum.FarmCPU"
"1-30621687",1,30621687,"C","T",0.45,-2.16939088570246,0.402163643602726,2.08824423583571e-11
"1-104627245",1,104627245,"A","G",0.457142857142857,-5.08072392637244,0.380670641980216,5.33971572642563e-23
"1-203553939",1,203553939,"T","C",0.0928571428571429,2.31304065274677,0.432195815892786,3.37721376275575e-10
"10-123926066",10,123926066,"C","A",0.05,3.51504692120254,0.540505508463561,1.867335248029e-12
"10-147006381",10,147006381,"G","A",0.0571428571428571,2.94767549543894,0.511534051694102,2.9787712185179e-11
